{"nu_e": {"phi": 0.001038263236750723, "gamma": 3.104928192062204}, "nu_mu": {"phi": 23.96854082121735, "gamma": 3.7871627750384422}, "nu_e_bar": {"phi": 0.0006645597656864335, "gamma": 3.0707504096272276}, "nu_mu_bar": {"phi": 7.008325623287074, "gamma": 3.723493406192893}}