{"nu_e": {"phi": 130.47200502665874, "gamma": 3.10492819123688}, "nu_mu": {"phi": 3011975.67708659, "gamma": 3.787162775227871}, "nu_e_bar": {"phi": 83.51104348250973, "gamma": 3.0707504100101923}, "nu_mu_bar": {"phi": 880692.1638611028, "gamma": 3.7234934054296605}}