{"nu_e_cc": {"phi": 6.6274307985794305, "gamma": 0.3695812471073246}, "nu_e_nc": {"phi": 5.247350277735723, "gamma": 0.35168776258872636}, "nu_mu_cc": {"phi": 4.906609026506675, "gamma": 0.3476108454256712}, "nu_mu_nc": {"phi": 5.6452761673039715, "gamma": 0.35790088560414746}, "nu_e_bar_cc": null, "nu_e_bar_nc": null, "nu_mu_bar_cc": null, "nu_mu_bar_nc": null}