{"cc_nu": {"a1": -82.18573513694322, "b1": 0.9812888635670479, "a2": -80.6428179240466, "b2": 0.796940969056992}, "nc_nu": {"a1": -83.30600717740565, "b1": 1.0029181980004402, "a2": -81.640941687271, "b2": 0.8046333849923912}, "cc_nu_bar": {"a1": -82.31835513015598, "b1": 0.9982334174109906, "a2": -80.64330900213446, "b2": 0.7969834076282453}, "nc_nu_bar": {"a1": -83.43212310092886, "b1": 1.019007286870728, "a2": -81.64141045660458, "b2": 0.804673940507654}}