{"xs": {"metadata": {"units": null}, "nu_cc": {"metadata": {"emin": 5, "emax": 12, "logemin": 5, "logemax": 12}, "data": {"a1": -82.18573513694322, "a2": -80.6428179240466, "b1": 0.9812888635670479, "b2": 0.796940969056992}}, "nu_nc": {"metadata": {"emin": null, "emax": null, "logemin": 5, "logemax": 12}, "data": {"a1": -83.30600717740565, "a2": -81.640941687271, "b1": 1.0029181980004402, "b2": 0.8046333849923912}}, "anu_cc": {"metadata": {"emin": null, "emax": null, "logemin": 5, "logemax": 12}, "data": {"a1": -82.31835513015598, "a2": -80.64330900213446, "b1": 0.9982334174109906, "b2": 0.7969834076282453}}, "anu_nc": {"metadata": {"emin": null, "emax": null, "logemin": 5, "logemax": 12}, "data": {"a1": -83.43212310092886, "a2": -81.64141045660458, "b1": 1.019007286870728, "b2": 0.804673940507654}}}, "flux": {"metadata": {"units": null}, "astro": {"phi": null, "gamma": null, "e0": null, "c0": null}, "atm": {"nu_e": {"metadata": {"emin": "100000", "emax": "1000000000"}, "data": {"phi": 0.001038263236750723, "gamma": 3.104928192062204}}, "nu_mu": {"metadata": {"emin": "100000", "emax": "1000000000"}, "data": {"phi": 23.96854082121735, "gamma": 3.7871627750384422}}, "nu_tau": {"metadata": {"emin": null, "emax": null}, "data": {"phi": null, "gamma": null}}, "anu_e": {"metadata": {"emin": "100000", "emax": "1000000000"}, "data": {"phi": 0.0006645597656864335, "gamma": 3.0707504096272276}}, "anu_mu": {"metadata": {"emin": "100000", "emax": "1000000000"}, "data": {"phi": 7.008325623287074, "gamma": 3.723493406192893}}, "anu_tau": {"metadata": {"emin": null, "emax": null}, "data": {"phi": null, "gamma": null}}}}, "p_cascade": {"nu_e_cc": {"metadata": {"emin": "9e4", "emax": "1.1e5"}, "data": {"phi": 6.6274307985794305, "gamma": 0.3695812471073246}}, "nu_e_nc": {"metadata": {"emin": "9e4", "emax": "1.1e5"}, "data": {"phi": 5.247350277735723, "gamma": 0.35168776258872636}}, "nu_mu_cc": {"metadata": {"emin": "9e4", "emax": "1.1e5"}, "data": {"phi": 4.906609026506675, "gamma": 0.3476108454256712}}, "nu_mu_nc": {"metadata": {"emin": "9e4", "emax": "1.1e5"}, "data": {"phi": 5.6452761673039715, "gamma": 0.35790088560414746}}, "nu_tau_cc": {"metadata": {"emin": null, "emax": null}, "data": {"phi": null, "gamma": null}}, "nu_tau_nc": {"metadata": {"emin": null, "emax": null}, "data": {"phi": null, "gamma": null}}, "anu_e_cc": {"metadata": {"emin": "9e4", "emax": "1.1e5"}, "data": {"phi": 5.6452761673039715, "gamma": 0.35790088560414746}}, "anu_e_nc": {"metadata": {"emin": "9e4", "emax": "1.1e5"}, "data": {"phi": 5.6452761673039715, "gamma": 0.35790088560414746}}, "anu_mu_cc": {"metadata": {"emin": "9e4", "emax": "1.1e5"}, "data": {"phi": 5.6452761673039715, "gamma": 0.35790088560414746}}, "anu_mu_nc": {"metadata": {"emin": "9e4", "emax": "1.1e5"}, "data": {"phi": 5.6452761673039715, "gamma": 0.35790088560414746}}, "anu_tau_cc": {"metadata": {"emin": null, "emax": null}, "data": {"phi": null, "gamma": null}}, "anu_tau_nc": {"metadata": {"emin": null, "emax": null}, "data": {"phi": null, "gamma": null}}}}