{"I1 signal": [1.3547614348390914e-50, 2.510201400198986e-50], "I2 signal": [4.6013893923158725e-48, 5.1085684486150386e-62], "I1 background": [5.147068707459757e-50, 9.535082456409508e-50], "I2 background": [1.7294033906322492e-48, 1.9200234631447368e-62], "probability": 0.721556178846712}